Emp_Id,Name,Address
1001,Rahul Tewatia,220 Bapat street;Radhika Apartment;Wakad;Pune;311057
1002,Aarav Shrivastava,Abhyankar street;shree Palace Apartment;Dhantoli;Nagpur;440012
1003,Harshad Badani,Abhyankar street;shree Apartment;Dhantoli;Nagpur;440012
1004,Deepak Saxena,Anand street;Mangal Apartment;Rohini Nagar;Kota;450112
1005,Shalini Singh,Vip Road;Daya kunj bangla;MP Nagar;Bhopal;410256
1006,Manoj Shrivastava,Mandir Road;C-23 Kachnar City;Vijay Nagar;Jabalpur;440057
1007,MS Dhoni,Abhyankar street;shree Palace Apartment;Dhant Nagar;Ranchi;440612
1008,Setu Upadhyay,Zuzuvadi Road;Zolo Hibiscous;BTM Layout;Bangalore;441012
1009,Kiaan Shrivastava,Abhyankar street;shree Palace Apartment;Dhantoli;Mumbai;442012
1010,Paridhi Shrivastava,Abhyankar street;shree Palace Apartment;Dhantoli;Jaipur;443012